workerid,proliferate.condition,time_in_minutes,error
29,pilot,11.185333333333332,
27,pilot,8.95865,
30,pilot,4.4912833333333335,
28,pilot,9.034716666666666,
26,pilot,7.89865,
